Label,# Samples,Average,Median,90% Line,95% Line,99% Line,Min,Max,Error %,Throughput,Received KB/sec,Sent KB/sec
batch,310,814,752,1033,1089,1131,352,1147,0.000%,176.83970,194.11,55.26
TOTAL,310,814,752,1033,1089,1131,352,1147,0.000%,176.83970,194.11,55.26
